TIMESTAMP,TA_ERA,TA_ERA_NIGHT,TA_ERA_NIGHT_SD,TA_ERA_DAY,TA_ERA_DAY_SD,SW_IN_ERA,LW_IN_ERA,VPD_ERA,PA_ERA,P_ERA,WS_ERA
198901,-2.434,-3.57,1.994,-0.65,3.068,73.35,213.17,2.399,84.487,0.195,0.952
198902,-0.926,-2.184,1.628,0.708,2.123,95.135,244.445,2.156,83.627,1.487,1.333
198903,1.388,-0.235,1.815,2.942,2.408,155.31,250.861,2.763,83.492,1.174,1.452
198904,1.345,0.023,1.186,2.311,1.902,157.187,265.647,1.977,82.787,4.213,2.179
198905,6.432,4.323,1.62,7.651,2.38,247.208,277.71,3.26,83.904,2.959,1.954
198906,7.855,6.024,1.315,8.772,1.917,230.419,297.222,3.576,83.752,4.261,1.82
198907,11.054,9.248,1.142,11.994,1.89,223.112,318.652,3.908,84.149,4.145,1.906
198908,10.64,9.009,1.396,11.701,2.153,211.278,311.108,4.415,83.894,2.597,1.787
198909,7.812,6.514,1.292,8.928,2.168,149.08,299.619,3.325,83.963,1.805,1.773
198910,4.409,3.066,1.588,5.935,2.279,118.368,265.005,3.001,84.042,0.773,1.75
198911,-1.462,-2.523,1.812,0.088,2.322,71.681,228.899,1.829,83.437,1.263,1.428
198912,-2.706,-3.579,1.826,-1.209,2.555,55.151,219.418,1.98,83.392,0.94,1.513
199001,-3.712,-4.86,2.076,-1.87,2.987,65.667,213.789,1.968,83.884,0.537,1.093
199002,-0.174,-1.516,1.61,1.522,2.066,94.265,243.51,2.468,83.541,3.218,1.859
199003,1.044,-0.548,1.94,2.595,2.556,156.161,242.501,2.917,84.222,1.078,1.486
199004,0.801,-0.605,1.245,1.819,2.056,167.569,259.812,2.13,83.119,2.714,1.716
199005,7.135,5.306,1.515,8.195,2.241,237.265,283.349,3.659,83.91,2.739,1.437
199006,8.759,6.911,1.26,9.687,1.951,212.924,307.579,3.52,83.701,4.24,1.904
199007,11.586,9.598,1.695,12.624,2.534,261.643,307.511,6.482,84.105,2.708,1.77
199008,11.313,9.578,1.683,12.444,2.355,225.945,306.484,5.196,84.235,2.952,1.637
199009,6.874,5.514,1.504,8.038,2.249,152.315,289.792,3.247,83.837,1.781,1.774
199010,5.081,3.902,1.415,6.397,1.875,99.575,280.758,2.403,83.609,2.496,2.142
199011,-1.694,-2.705,1.549,-0.239,1.685,61.973,244.753,1.555,83.12,3.056,1.414
199012,-5.804,-6.398,1.056,-4.771,1.282,48.803,224.535,1.284,83.168,1.105,1.511
199101,-4.003,-4.876,1.453,-2.656,2.106,63.348,222.972,1.712,83.839,1.018,1.147
199102,-4.774,-5.991,1.437,-3.241,1.991,106.147,225.866,1.781,83.09,0.864,1.27
199103,1.342,0.037,1.276,2.611,1.999,134.171,262.725,2.107,83.254,1.336,1.634
199104,0.661,-0.846,1.606,1.763,2.298,200.044,249.558,2.456,83.237,1.967,1.474
199105,2.982,1.43,1.418,3.861,1.941,209.434,274.984,2.721,83.479,3.32,2.112
199106,8.247,6.43,1.499,9.16,2.071,221.546,301.311,3.599,83.673,4.486,1.942
199107,12.316,10.35,1.421,13.338,2.165,246.433,321.216,4.823,84.029,4.933,1.67
199108,12.058,10.328,1.354,13.189,2.349,225.664,313.863,5.506,84.231,1.764,1.585
199109,9.461,8.004,1.452,10.692,2.239,163.374,302.445,3.768,83.97,3.297,1.844
199110,3.218,2.063,1.328,4.522,1.863,109.719,266.698,2.399,83.609,1.368,1.789
199111,-1.168,-2.07,1.446,0.155,1.622,59.077,246.536,1.777,83.277,1.751,1.607
199112,-5.028,-5.804,1.587,-3.688,2.071,54.003,211.221,1.771,84.018,2.673,1.498
199201,-3.361,-4.374,1.456,-1.768,2.204,67.316,219.932,1.895,84.176,0.267,1.095
199202,-2.185,-3.438,1.592,-0.59,1.92,103.513,236.784,2.053,83.906,1.083,1.474
199203,-0.355,-1.715,1.45,0.961,2.036,145.748,249.384,2.112,83.292,2.464,1.704
199204,1.859,0.466,1.489,2.862,2.074,186.749,257.592,2.413,83.132,3.106,1.888
199205,7.327,5.375,1.592,8.431,2.33,238.66,280.596,3.798,83.888,2.624,1.716
199206,8.664,6.849,1.102,9.571,1.893,221.709,305.267,3.221,83.545,4.324,1.905
199207,11.542,9.721,1.22,12.5,2.02,225.013,321.441,4.385,84.07,3.559,1.568
199208,13.115,11.363,1.32,14.264,2.207,226.463,321.084,5.395,84.116,3.374,1.778
199209,8.052,6.608,1.437,9.294,2.279,158.033,293.816,3.628,84.103,1.919,1.885
199210,2.204,1.343,1.167,3.187,1.46,78.536,274.572,1.696,82.915,3.895,1.733
199211,0.583,-0.29,1.305,1.859,1.507,58.228,251.904,1.795,83.652,1.898,1.62
199212,-3.737,-4.477,1.333,-2.446,1.789,47.491,224.076,1.65,83.493,1.65,1.41
199301,-2.558,-3.389,1.483,-1.23,1.915,60.297,228.461,1.782,84.097,0.51,1.288
199302,-3.102,-4.486,1.72,-1.315,2.419,111.093,217.482,2.349,83.918,0.904,1.5
199303,-1.552,-3.016,1.65,-0.131,2.221,158.237,239.23,2.136,83.54,0.982,1.724
199304,2.772,1.172,1.19,3.922,2.112,192.214,263.62,2.699,83.199,1.96,2.022
199305,7.163,5.212,1.443,8.274,2.185,237.387,283.647,3.283,83.573,3.138,1.83
199306,9.505,7.533,1.37,10.495,2.039,233.25,305.582,3.678,83.868,3.921,2.051
199307,9.95,8.253,1.62,10.842,2.179,234.511,307.692,4.108,83.984,5.032,2.009
199308,11.011,9.308,1.293,12.107,2.096,215.918,311.314,4.158,84.123,4.552,1.822
199309,6.521,5.253,1.255,7.607,1.941,140.28,292.975,2.465,83.533,3.346,2.275
199310,3.38,2.37,1.405,4.543,1.921,90.243,272.008,2.092,83.432,4.149,2.24
199311,-2.09,-2.954,1.316,-0.811,1.766,66.214,241.439,1.552,83.45,0.947,1.446
199312,-3.028,-3.567,1.293,-2.088,1.405,45.149,236.566,1.497,83.005,1.691,1.699
199401,-3.215,-3.916,1.319,-2.102,1.472,54.41,240.199,1.451,83.177,1.995,1.764
199402,-3.391,-4.455,1.093,-2.048,1.603,89.363,239.496,1.558,83.052,0.855,1.68
199403,1.857,0.52,1.56,3.143,2.096,155.654,255.06,2.521,83.749,0.852,1.596
199404,0.905,-0.51,1.238,1.928,2.029,188.444,257.4,2.327,82.957,2.349,1.881
199405,6.338,4.693,1.46,7.284,2.125,210.73,280.729,3.194,83.476,2.474,1.991
199406,9.88,7.826,1.559,10.912,2.316,257.653,302.599,5.1,84.043,2.32,2.258
199407,12.923,11.032,1.222,13.908,2.061,259.269,320.498,5.152,84.163,5.204,1.494
199408,12.135,10.444,1.371,13.229,2.209,223.901,316.687,4.967,83.993,3.451,1.674
199409,7.958,6.699,1.234,9.035,2.057,145.733,301.372,3.101,83.724,3.557,2.152
199410,3.739,2.405,1.501,5.243,2.181,116.878,263.482,2.793,83.697,1.246,1.66
199411,1.954,1.134,1.138,3.171,1.47,58.593,259.704,1.781,83.895,1.379,1.593
199412,-1.967,-2.567,1.088,-0.925,1.313,45.465,242.874,1.621,83.737,1.163,1.504
199501,-5.915,-6.543,1.238,-4.911,1.382,55.182,221.231,1.388,83.178,2.351,1.947
199502,-1.134,-2.146,1.327,0.16,1.58,79.535,253.23,1.815,83.328,1.69,1.655
199503,-2.387,-3.867,1.639,-0.964,2.142,160.55,237.123,2.054,83.067,1.762,1.991
199504,1.975,0.481,1.431,3.086,2.145,187.873,258.856,2.508,83.374,2.238,2.026
199505,5.883,4.261,1.571,6.822,2.252,214.324,279.176,3.553,83.576,3.005,1.955
199506,7.728,6.093,1.404,8.546,1.972,204.371,303.349,3.535,83.67,3.94,1.719
199507,12.772,10.762,1.221,13.816,2.078,255.066,323.58,4.784,84.045,4.385,1.566
199508,10.058,8.622,1.055,10.985,1.773,198.201,313.738,3.826,83.892,3.426,1.711
199509,5.529,4.201,1.339,6.658,2.089,148.028,284.944,2.706,83.495,2.173,1.876
199510,6.699,5.202,1.695,8.389,2.566,130.388,273.374,3.639,84.324,0.179,1.354
199511,-1.827,-2.722,1.407,-0.514,1.587,65.158,242.912,1.498,83.467,1.246,1.989
199512,-3.518,-4.061,1.135,-2.582,1.305,41.785,240.321,1.366,83.071,1.651,1.54
199601,-2.691,-3.578,1.145,-1.283,1.705,56.325,232.568,1.59,83.118,0.527,1.538
199602,-5.198,-6.333,1.362,-3.759,1.731,96.335,228.635,1.494,82.695,0.74,1.707
199603,-2.248,-3.656,1.453,-0.897,2.128,158.718,240.972,1.952,83.016,0.678,1.471
199604,2.414,0.852,1.369,3.533,2.18,195.965,258.715,2.919,83.384,0.951,1.749
199605,5.96,4.271,1.546,6.921,2.105,209.64,287.501,3.028,83.363,3.188,2.01
199606,9.94,7.974,1.337,10.922,2.128,246.562,305.549,4.555,84.087,3.04,1.86
199607,10.251,8.432,1.499,11.208,2.273,239.018,309.333,4.725,83.98,3.214,1.954
199608,9.784,8.319,1.143,10.744,1.791,187.753,314.864,3.098,83.871,4.515,1.564
199609,4.689,3.448,1.244,5.765,2.069,147.278,282.449,2.659,83.458,1.306,1.96
199610,3.095,2.028,1.453,4.321,1.917,93.183,268.935,2.213,83.721,2.462,1.728
199611,-1.181,-1.893,1.034,-0.138,1.23,56.827,252.29,1.498,83.067,3.322,2.109
199612,-3.606,-4.15,1.166,-2.67,1.395,44.739,234.837,1.437,82.924,1.036,1.567
199701,-2.677,-3.581,1.372,-1.254,1.909,61.605,228.783,1.845,83.609,0.644,1.195
199702,-1.606,-2.903,1.714,0.067,2.059,99.569,235.326,2.136,83.853,1.103,1.548
199703,0.739,-0.794,1.705,2.239,2.337,152.941,246.094,2.455,83.954,1.132,1.598
199704,0.333,-1.361,2.092,1.585,2.593,225.56,233.677,2.764,83.461,1.423,1.881
199705,6.266,4.189,1.633,7.454,2.536,253.672,267.839,4.05,83.632,1.792,2.114
199706,8.7,7.052,1.119,9.526,1.756,195.984,312.965,2.868,83.444,5.708,1.963
199707,9.892,8.104,1.372,10.828,2.036,228.372,310.915,3.933,83.953,4.252,1.981
199708,11.725,10.069,1.344,12.803,2.172,211.487,317.694,4.836,84.086,3.346,1.402
199709,9.705,7.967,1.69,11.204,2.831,181.068,294.049,4.774,84.252,0.722,1.342
199710,3.669,2.474,1.386,5.025,2.112,113.593,266.626,2.772,83.639,0.799,1.695
199711,-0.204,-1.042,1.325,1.012,1.619,63.092,244.41,1.664,82.967,1.288,1.667
199712,-2.977,-3.527,1.116,-2.026,1.249,39.753,250.026,1.297,83.062,1.902,1.572
199801,-3.405,-4.279,1.265,-2.046,1.73,63.331,226.062,1.734,83.42,0.951,1.619
199802,-0.275,-1.746,1.748,1.624,2.419,113.7,228.799,2.776,84.112,0.258,1.183
199803,-1.387,-2.866,1.744,0.032,2.118,156.944,241.174,2.082,83.694,1.01,2.001
199804,1.536,0.187,1.219,2.512,2.047,179.841,260.631,2.396,82.679,3.007,1.938
199805,6.496,4.555,1.555,7.602,2.375,237.592,276.611,4.006,83.597,1.288,1.803
199806,10.069,8.032,1.544,11.091,2.209,252.861,305.282,4.629,83.93,4.14,1.991
199807,11.469,9.619,1.382,12.428,2.146,236.837,318.727,4.771,83.806,3.355,2.015
199808,11.472,9.814,1.47,12.548,2.358,222.604,310.568,5.17,84.084,2.412,1.615
199809,6.909,5.603,1.434,8.032,2.065,143.687,293.899,2.877,83.509,3.959,1.927
199810,3.044,2.077,1.31,4.144,1.701,89.005,274.129,1.929,83.511,2.994,1.85
199811,-3.196,-4.019,1.423,-1.986,1.567,62.862,237.991,1.549,83.287,1.517,1.389
199812,-4.13,-4.696,1.082,-3.15,1.407,48.766,224.65,1.582,83.637,0.675,1.493
199901,-3.376,-4.196,1.26,-2.076,1.747,60.831,230.384,1.798,83.321,1.484,1.512
199902,-5.478,-6.473,1.441,-4.213,1.563,87.455,229.394,1.456,82.958,2.72,2.06
199903,-0.308,-1.756,1.3,1.083,2.144,148.854,251.026,2.136,83.052,1.647,1.715
199904,1.813,0.368,1.457,2.874,2.144,182.162,259.013,2.429,83.262,2.643,1.627
199905,7.517,5.796,1.299,8.506,2.046,203.285,293.773,3.132,83.746,3.622,1.827
199906,8.755,6.904,1.315,9.684,2.009,232.223,302.184,3.68,83.906,3.784,1.974
199907,11.185,9.363,1.332,12.132,2.05,228.714,315.843,4.416,83.945,2.669,1.838
199908,10.9,9.434,1.116,11.854,1.88,188.313,321.627,3.571,83.807,3.75,1.748
199909,9.413,8.062,1.307,10.551,2.174,156.906,306.323,3.694,83.746,3.213,1.836
199910,4.355,3.151,1.347,5.717,1.974,108.9,273.04,2.51,83.751,1.836,1.911
199911,-2.227,-3.121,1.253,-0.918,1.585,61.42,238.366,1.667,83.572,1.866,1.757
199912,-4.592,-5.123,1.388,-3.67,1.433,43.38,231.563,1.558,83.04,1.753,1.788
200001,-5.409,-6.387,1.535,-3.856,2.02,62.861,211.042,1.538,83.724,0.675,1.212
200002,-1.984,-3.071,1.356,-0.604,1.664,94.359,246.948,1.648,83.779,1.529,1.525
200003,-0.625,-1.963,1.556,0.65,1.974,146.085,251.741,1.928,83.521,2.195,1.832
200004,2.981,1.499,1.323,4.054,2.054,187.636,259.576,2.725,82.951,2.593,1.997
200005,7.534,5.718,1.34,8.575,2.059,223.872,290.574,3.077,83.764,3.133,1.907
200006,10.661,8.522,1.5,11.73,2.289,258.723,303.805,5.121,84.184,2.399,1.846
200007,9.254,7.509,1.414,10.17,2.026,229.471,307.102,3.913,83.631,4.225,2.216
200008,11.856,10.184,1.263,12.962,2.219,208.653,316.729,5.04,84.154,3.865,1.628
200009,8.429,7.02,1.635,9.636,2.362,162.373,296.46,3.758,83.774,2.018,1.812
200010,4.446,3.51,1.25,5.525,1.654,83.208,285.69,1.972,83.615,3.072,2.183
200011,-0.83,-1.482,1.153,0.132,1.356,53.595,253.728,1.482,82.941,4.786,1.844
200012,-1.889,-2.39,0.964,-1.016,1.27,43.302,238.328,1.538,83.17,1.006,1.563
200101,-3.973,-4.637,1.13,-2.924,1.357,49.676,241.781,1.367,83.044,1.905,1.705
200102,-2.796,-3.973,1.157,-1.295,1.598,96.679,243.221,1.651,83.344,1.092,1.917
200103,0.804,-0.331,1.037,1.9,1.612,117.087,271.449,1.78,82.717,3.098,1.893
200104,0.771,-0.616,1.355,1.789,2.022,186.091,257.161,2.372,83.088,2.584,2.038
200105,8.137,6.199,1.543,9.24,2.336,242.29,285.915,4.077,83.72,2.328,1.959
200106,8.554,6.618,1.566,9.523,2.225,247.619,293.514,4.447,83.818,4.003,2.078
200107,11.332,9.502,1.386,12.288,2.107,235.81,314.713,4.693,83.894,3.213,1.908
200108,12.218,10.526,1.375,13.319,2.182,213.243,319.686,5.094,84.095,3.716,1.711
200109,5.019,3.907,1.201,5.969,1.773,130.671,289.59,2.308,83.48,2.906,2.162
200110,6.762,5.387,1.52,8.312,2.201,114.184,280.482,3.007,84.129,0.797,1.776
200111,-1.628,-2.628,1.622,-0.163,1.828,68.965,245.157,1.739,83.606,1.282,1.544
200112,-5.663,-6.319,1.594,-4.51,1.744,51.09,219.337,1.353,83.444,0.918,1.448
200201,-4.101,-4.997,1.792,-2.664,2.673,69.163,204.163,2.163,83.997,0.212,0.978
200202,-1.015,-2.064,1.533,0.326,1.834,85.352,247.7,1.96,83.347,1.535,1.653
200203,0.846,-0.615,1.593,2.246,2.214,161.154,241.741,2.573,83.502,1.566,1.774
200204,2.063,0.595,1.324,3.141,2.137,185.365,259.64,2.578,83.238,1.694,1.72
200205,6.563,4.838,1.333,7.545,2.127,205.937,288.016,3.275,83.516,3.818,1.863
200206,11.393,9.33,1.393,12.428,2.146,243.751,314.139,4.894,83.973,4.394,1.773
200207,11.135,9.41,1.364,12.039,2.056,225.411,318.691,4.2,83.832,3.956,1.891
200208,10.307,8.912,1.096,11.224,1.858,182.312,319.09,3.312,83.788,4.954,1.629
200209,6.274,5.041,1.258,7.329,1.881,136.868,292.287,2.702,83.76,2.401,1.84
200210,3.737,2.626,1.381,4.99,1.942,105.33,269.794,2.594,83.503,1.686,1.98
200211,0.636,0.048,0.853,1.483,1.063,45.243,270.06,1.312,83.031,5.093,2.124
200212,-2.11,-2.535,1.013,-1.362,1.226,37.222,248.539,1.353,83.269,1.62,1.358
200301,-4.799,-5.513,1.159,-3.671,1.429,55.61,223.995,1.399,83.0,1.216,1.563
200302,-5.259,-6.691,1.512,-3.458,2.14,118.221,209.527,1.915,83.297,0.674,1.294
200303,0.817,-0.834,1.533,2.403,2.419,177.95,240.733,2.859,83.882,0.45,1.17
200304,1.883,0.297,1.583,3.033,2.393,208.459,249.613,2.947,83.371,1.163,2.151
200305,7.919,6.056,1.499,8.991,2.281,236.922,286.976,3.952,83.911,2.935,1.919
200306,13.056,10.822,1.238,14.177,2.092,274.297,315.032,5.271,84.115,3.881,1.608
200307,12.318,10.277,1.392,13.376,2.214,255.226,313.113,5.556,84.032,3.713,1.842
200308,13.902,12.108,1.412,15.063,2.352,240.689,317.655,7.039,84.244,2.258,1.574
200309,7.787,6.269,1.606,9.1,2.488,171.677,284.819,4.011,84.129,0.946,1.69
200310,1.373,0.152,1.636,2.752,2.115,102.27,252.177,2.258,83.21,2.814,1.86
200311,0.758,-0.257,1.305,2.23,1.692,65.375,249.074,1.946,83.587,2.147,1.596
200312,-3.383,-4.069,1.428,-2.193,1.636,46.991,224.199,1.651,83.468,1.118,1.914
200401,-5.096,-5.684,1.035,-4.168,1.296,53.45,231.305,1.329,82.717,2.026,1.668
200402,-2.957,-4.113,1.312,-1.465,1.87,97.853,232.945,2.001,83.368,1.164,1.662
200403,-1.269,-2.757,1.367,0.161,2.125,154.899,246.039,2.246,83.512,1.062,1.658
200404,2.012,0.402,1.371,3.168,2.154,199.292,258.551,2.597,83.146,1.71,1.669
200405,4.497,2.648,1.613,5.538,2.216,224.23,270.356,3.387,83.386,2.554,1.643
200406,9.07,7.08,1.542,10.066,2.259,246.005,292.896,4.719,83.943,2.298,1.842
200407,10.637,8.715,1.332,11.645,2.16,244.197,303.512,4.485,84.003,3.43,1.987
200408,11.339,9.673,1.315,12.431,2.114,215.653,311.787,4.648,83.857,2.624,1.851
200409,8.289,6.898,1.561,9.476,2.455,163.074,294.493,3.763,84.133,1.242,1.683
200410,5.347,4.322,1.229,6.504,1.835,96.377,285.316,2.396,83.507,1.806,1.82
200411,-1.068,-1.889,1.416,0.144,1.526,65.527,244.376,1.733,83.571,1.114,1.957
200412,-3.264,-3.963,1.505,-2.043,2.075,53.209,216.973,1.954,83.465,0.864,1.275
200501,-5.792,-6.74,1.358,-4.275,1.875,63.757,209.223,1.793,83.586,0.828,1.454
200502,-6.262,-7.227,1.131,-5.02,1.573,96.657,222.679,1.436,82.9,1.147,1.62
200503,-0.859,-2.368,1.416,0.61,2.141,160.419,238.925,2.276,83.272,0.726,1.443
200504,2.204,0.601,1.528,3.381,2.249,184.567,260.939,2.793,83.3,1.962,1.799
200505,6.496,4.488,1.664,7.644,2.461,238.543,277.69,3.922,83.747,2.343,1.767
200506,10.136,8.125,1.484,11.144,2.213,249.102,297.229,5.216,84.06,2.327,1.789
200507,11.049,9.274,1.304,11.974,1.933,227.639,315.13,4.188,83.918,4.358,2.103
200508,9.529,8.047,1.338,10.491,1.945,188.103,309.743,3.42,83.881,3.891,1.87
200509,8.464,7.228,1.273,9.513,2.009,148.452,306.177,3.05,83.992,2.173,1.598
200510,4.961,3.537,1.679,6.593,2.466,110.91,262.755,3.011,84.042,1.518,1.559
200511,-1.296,-2.15,1.166,-0.057,1.504,66.949,240.313,1.871,83.418,0.875,1.624
200512,-6.006,-6.567,1.203,-5.021,1.31,48.345,217.285,1.323,83.105,1.575,1.376
200601,-6.006,-6.912,1.126,-4.571,1.854,66.643,209.501,1.511,83.606,0.634,1.442
200602,-3.986,-5.068,1.099,-2.578,1.621,92.473,235.997,1.602,82.855,1.306,1.415
200603,-2.335,-3.69,1.63,-1.026,2.009,147.801,243.55,1.829,82.762,2.195,1.73
200604,2.112,0.488,1.426,3.292,2.132,191.253,258.969,2.495,83.293,2.059,1.472
200605,5.858,4.05,1.64,6.899,2.243,213.876,273.874,3.328,83.726,2.359,1.856
200606,9.853,7.539,1.56,11.012,2.467,274.68,287.332,5.024,84.163,2.215,1.865
200607,13.567,11.433,1.342,14.672,2.294,265.225,312.524,5.758,84.337,3.582,1.345
200608,8.166,6.722,1.065,9.114,1.763,180.585,303.278,2.859,83.537,4.544,2.112
200609,10.176,8.694,1.411,11.425,2.392,162.002,305.715,4.138,83.969,2.248,1.768
200610,6.283,5.091,1.378,7.629,2.098,111.026,280.958,2.805,83.813,1.198,2.009
200611,1.118,0.314,1.164,2.293,1.319,66.918,256.532,1.984,83.819,0.807,2.146
200612,-1.721,-2.561,1.412,-0.252,2.083,53.8,226.059,2.101,84.087,1.376,1.454
200701,-1.958,-2.697,1.316,-0.794,1.516,53.072,241.514,1.588,83.656,1.492,1.511
200702,-0.928,-2.086,1.238,0.551,1.75,93.724,241.264,1.983,83.079,1.14,1.568
200703,-0.065,-1.479,1.43,1.304,1.976,149.24,247.244,2.175,83.218,1.801,1.673
200704,5.525,3.393,2.011,7.07,3.099,236.114,251.531,4.2,83.855,0.959,1.213
200705,6.984,5.127,1.539,8.041,2.166,225.101,281.336,3.511,83.405,3.436,1.985
200706,10.117,8.06,1.295,11.145,2.017,237.598,310.455,3.773,83.641,3.907,1.722
200707,11.439,9.429,1.575,12.48,2.291,258.785,310.097,5.684,83.863,2.307,2.035
200708,10.768,9.213,1.373,11.783,2.018,194.153,317.072,3.844,83.807,5.48,1.767
200709,6.362,4.997,1.595,7.537,2.179,153.738,287.88,3.063,83.908,2.215,2.033
200710,3.485,2.11,1.693,5.026,2.332,118.785,257.898,2.926,83.966,0.37,1.52
200711,-2.354,-3.125,1.315,-1.236,1.396,63.327,240.432,1.531,83.434,1.789,1.817
200712,-4.654,-5.38,1.277,-3.388,1.765,53.07,212.066,1.627,83.716,1.055,1.323
200801,-2.36,-3.131,1.144,-1.161,1.522,54.418,236.401,1.84,83.684,1.416,1.656
200802,-1.406,-2.836,1.767,0.405,2.3,112.473,228.515,2.343,84.089,0.513,1.255
200803,-1.541,-2.778,1.226,-0.361,1.837,147.051,249.127,1.817,82.58,1.771,1.986
200804,1.378,0.033,1.01,2.347,1.682,168.722,266.726,2.078,82.96,3.091,1.982
200805,6.711,4.715,1.61,7.85,2.299,232.134,273.508,3.675,83.577,2.219,1.752
200806,10.042,8.213,1.081,10.956,1.839,215.498,313.116,3.653,83.849,3.865,1.707
200807,10.967,9.194,1.398,11.902,2.042,235.073,314.862,4.141,83.906,5.141,1.905
200808,11.44,9.776,1.397,12.536,2.18,209.232,319.086,4.199,83.876,3.444,1.765
200809,6.97,5.751,1.243,8.021,1.955,146.612,296.931,3.057,83.762,2.717,1.895
200810,4.818,3.67,1.581,6.112,2.095,104.585,279.128,2.53,83.77,2.615,1.596
200811,-1.19,-1.974,1.176,-0.042,1.411,62.078,241.876,1.482,83.249,2.266,1.781
200812,-3.866,-4.416,0.842,-2.919,1.139,44.481,238.406,1.305,83.251,2.072,1.657
200901,-5.379,-6.164,1.203,-4.134,1.766,57.684,214.203,1.543,82.892,1.019,1.192
200902,-4.525,-5.584,1.074,-3.189,1.514,90.104,237.529,1.365,82.818,1.489,2.025
200903,-1.352,-2.494,1.207,-0.251,1.682,141.395,256.836,1.763,83.034,2.377,1.951
200904,3.371,1.619,1.492,4.678,2.374,207.493,258.562,2.793,83.353,1.842,1.605
200905,7.875,6.095,1.537,8.892,2.316,247.806,274.779,4.244,83.989,1.802,1.903
200906,8.798,6.932,1.419,9.734,2.107,233.829,294.855,3.808,83.741,2.731,2.249
200907,11.441,9.489,1.274,12.452,2.064,233.591,317.765,4.255,83.981,3.963,2.016
200908,12.424,10.71,1.316,13.542,2.187,214.567,322.021,4.563,84.169,3.211,1.66
200909,8.887,7.538,1.369,10.043,2.212,156.381,302.236,3.438,84.087,2.391,1.474
200910,3.33,2.164,1.399,4.667,2.014,106.052,267.545,2.498,83.646,1.193,1.887
200911,0.848,0.042,1.137,2.021,1.442,60.613,255.839,1.916,83.182,2.487,1.727
200912,-5.116,-5.607,1.212,-4.26,1.244,43.098,231.454,1.358,82.505,2.01,1.517
201001,-6.119,-6.865,1.111,-4.932,1.538,56.347,219.535,1.373,82.677,0.765,1.199
201002,-4.158,-5.136,1.101,-2.915,1.507,88.913,237.46,1.463,82.223,1.392,1.812
201003,-1.621,-2.969,1.116,-0.331,1.874,145.718,250.323,1.84,83.242,1.16,1.671
201004,2.686,0.933,1.555,3.95,2.422,210.575,254.545,2.938,83.567,1.57,1.53
201005,4.777,3.344,1.076,5.586,1.769,179.602,291.794,2.322,83.275,4.684,1.963
201006,9.528,7.744,1.219,10.423,2.004,218.238,306.01,4.319,83.67,2.8,2.201
201007,12.569,10.725,1.355,13.525,2.101,241.791,324.015,5.162,84.093,3.199,1.694
201008,10.31,8.867,1.383,11.248,1.89,181.466,319.867,3.536,83.827,5.05,1.82
201009,6.997,5.71,1.494,8.09,2.234,149.877,292.885,3.342,83.667,2.485,1.684
201010,2.998,1.873,1.308,4.264,1.922,101.649,267.736,2.393,83.416,1.791,1.891
201011,-1.11,-1.858,1.176,-0.021,1.432,54.05,255.831,1.439,82.629,2.788,1.502
201012,-6.031,-6.493,1.107,-5.232,1.037,38.763,233.906,1.192,82.659,1.652,1.848
201101,-3.952,-4.594,1.02,-2.941,1.346,58.074,230.037,1.486,83.359,0.54,1.505
201102,-1.45,-2.533,1.232,-0.044,1.76,96.972,242.943,2.119,83.342,0.925,1.232
201103,0.485,-1.057,1.35,1.967,2.208,152.823,246.616,2.297,83.679,1.016,1.414
201104,4.635,2.775,1.899,6.001,2.71,223.997,254.44,3.705,83.722,1.098,1.62
201105,7.503,5.528,1.812,8.636,2.405,248.659,277.358,3.979,83.922,3.543,1.825
201106,9.932,8.142,1.325,10.828,1.935,216.217,316.065,3.911,83.88,4.238,2.053
201107,9.781,8.034,1.212,10.686,1.985,227.749,310.857,3.96,83.593,3.676,2.024
201108,12.145,10.454,1.548,13.256,2.286,219.261,315.79,4.953,84.003,3.98,1.699
201109,9.871,8.299,1.775,11.225,2.573,164.786,301.544,3.989,84.076,2.913,1.525
201110,3.926,2.56,1.749,5.473,2.31,120.896,260.257,2.972,83.991,1.61,1.669
201111,1.897,0.666,1.183,3.694,1.848,80.464,244.08,2.788,83.965,0.273,1.59
201112,-3.14,-3.635,1.054,-2.282,1.184,41.03,241.898,1.367,83.353,2.164,1.713
201201,-4.252,-4.917,1.224,-3.197,1.41,55.24,235.773,1.415,83.543,2.104,1.585
201202,-7.01,-8.159,1.427,-5.544,1.892,104.695,222.062,1.538,83.424,0.509,1.584
201203,1.536,-0.208,1.441,3.203,2.287,173.546,249.704,2.711,84.139,0.904,1.401
201204,1.684,0.306,1.178,2.675,1.744,163.08,266.89,2.231,82.652,2.625,1.875
201205,6.717,4.964,1.538,7.705,2.329,234.339,278.988,3.872,83.646,2.033,2.0
201206,10.623,8.689,1.302,11.59,2.03,228.262,318.5,4.076,83.802,4.752,2.008
201207,11.451,9.575,1.197,12.434,2.015,244.077,317.102,4.165,83.932,4.736,1.964
201208,12.394,10.668,1.38,13.518,2.216,217.255,320.233,4.962,84.134,4.654,1.723
201209,8.254,6.839,1.688,9.468,2.377,150.188,299.558,3.302,83.825,2.793,2.097
201210,4.458,3.279,1.619,5.811,2.11,98.793,275.911,2.607,83.421,2.288,1.849
201211,0.826,0.002,1.096,2.033,1.462,59.853,259.905,1.936,83.268,2.818,1.735
201212,-4.547,-5.002,0.956,-3.758,1.085,46.481,232.277,1.33,83.058,1.943,1.636
201301,-3.868,-4.492,0.965,-2.893,1.217,50.949,241.717,1.532,82.93,1.174,1.514
201302,-5.401,-6.302,1.111,-4.263,1.481,91.371,239.67,1.353,82.662,1.604,1.506
201303,-1.423,-2.652,1.124,-0.21,1.712,136.678,256.086,1.759,82.432,1.702,1.818
201304,3.205,1.618,1.488,4.368,2.28,174.464,271.368,2.727,83.336,2.563,1.665
201305,4.334,2.83,1.102,5.203,1.784,187.74,283.392,2.232,83.161,4.261,2.094
201306,8.82,6.86,1.192,9.803,1.983,232.038,301.601,3.797,83.89,3.436,2.075
201307,12.448,10.416,1.331,13.506,2.149,252.563,318.257,5.066,84.248,3.078,1.549
201308,11.605,9.903,1.414,12.708,2.245,216.716,314.281,4.95,84.109,2.964,1.666
201309,8.156,6.881,1.304,9.244,2.137,142.757,301.103,3.576,83.806,2.343,1.704
201310,4.902,3.951,1.152,5.976,1.688,89.397,283.164,2.057,83.824,2.932,1.965
201311,-1.538,-2.298,1.402,-0.439,1.557,54.754,250.494,1.425,83.198,2.281,1.794
201312,-2.431,-3.068,1.131,-1.325,1.588,53.651,224.838,1.902,83.89,1.348,1.546
201401,-2.407,-3.038,0.822,-1.412,1.194,47.311,245.703,1.429,82.872,2.255,1.698
201402,-1.63,-2.561,0.878,-0.454,1.33,82.054,251.038,1.578,82.855,2.468,1.853
201403,1.13,-0.558,1.807,2.757,2.512,165.697,242.012,2.971,83.415,1.237,1.471
201404,3.36,1.792,1.494,4.51,2.226,188.992,261.548,2.845,83.339,2.022,1.585
201405,5.47,3.757,1.391,6.454,2.045,225.892,275.175,3.295,83.565,2.055,2.24
201406,9.815,7.773,1.353,10.838,2.134,251.268,299.848,4.321,83.895,3.575,1.674
201407,10.706,9.01,1.114,11.579,1.837,198.127,321.551,3.726,83.771,4.167,1.898
201408,9.541,8.053,1.098,10.505,1.723,177.028,315.262,2.991,83.762,3.714,1.745
201409,8.08,6.714,1.294,9.254,2.069,153.021,301.676,2.749,83.937,1.916,1.776
201410,5.56,4.288,1.422,7.014,2.09,105.886,280.028,2.417,83.885,1.494,1.949
201411,2.183,1.412,1.11,3.309,1.478,55.467,264.317,1.748,83.283,3.317,1.857
201412,-2.124,-2.635,0.95,-1.232,1.086,39.478,251.97,1.457,83.482,1.215,1.659
